"","y","lag"
"1",0.0153925619510051,0.00669865130795522
"2",0.00900954869719328,0.0153925619510051
"3",0.00740962238252685,0.00900954869719328
"4",0.00413550688011277,0.00740962238252685
"5",-0.0054815716033989,0.00413550688011277
"6",0.0126624395280892,-0.0054815716033989
"7",-0.00279324591784835,0.0126624395280892
"8",0.00152577804940357,-0.00279324591784835
"9",0.00560356986821375,0.00152577804940357
"10",-0.00636452994285897,0.00560356986821375
"11",0.010715057329536,-0.00636452994285897
"12",0.00668365200512078,0.010715057329536
"13",-0.000229607295196388,0.00668365200512078
"14",0.00343443245312436,-0.000229607295196388
"15",0.0208297357745355,0.00343443245312436
"16",0.0166355641678031,0.0208297357745355
"17",0.00199233238470775,0.0166355641678031
"18",-0.010366361722415,0.00199233238470775
"19",0.00730515959692468,-0.010366361722415
"20",0.00493011547790978,0.00730515959692468
"21",-0.0158821571363497,0.00493011547790978
"22",0.00266970954008272,-0.0158821571363497
"23",0.00172951742664296,0.00266970954008272
"24",0.00107881862655823,0.00172951742664296
"25",0.0147288013911915,0.00107881862655823
"26",0.00601053883367975,0.0147288013911915
"27",-0.00593315523559745,0.00601053883367975
"28",0.0134539369288884,-0.00593315523559745
"29",0.00277628280719178,0.0134539369288884
"30",0.0121006780016586,0.00277628280719178
"31",0.0012159744362279,0.0121006780016586
"32",-0.0283308358947103,0.0012159744362279
"33",0.0163195066929518,-0.0283308358947103
"34",0.00114713365370633,0.0163195066929518
"35",0.0114485988784452,0.00114713365370633
"36",0.0130984394829898,0.0114485988784452
"37",0.0107846131823024,0.0130984394829898
"38",0.0247546089190482,0.0107846131823024
"39",0.00129027861113862,0.0247546089190482
"40",0.0246790645161354,0.00129027861113862
"41",0.0116932524359736,0.0246790645161354
"42",0.0057223518012659,0.0116932524359736
"43",-0.016608909393165,0.0057223518012659
"44",-0.00703396771670484,-0.016608909393165
"45",-0.00620828924461492,-0.00703396771670484
"46",0.00674960126870339,-0.00620828924461492
"47",-0.0061488548837012,0.00674960126870339
"48",-0.00493707968068868,-0.0061488548837012
"49",0.000635103413301863,-0.00493707968068868
"50",-0.00462919857420374,0.000635103413301863
"51",-0.00686496858395813,-0.00462919857420374
"52",0.000498427078980512,-0.00686496858395813
"53",-0.0143284682560978,0.000498427078980512
"54",0.00117406736251624,-0.0143284682560978
"55",0.0108514844968717,0.00117406736251624
"56",0.00179130901972968,0.0108514844968717
"57",0.0101854461600865,0.00179130901972968
"58",-0.00211809330919799,0.0101854461600865
"59",-0.000825215282501901,-0.00211809330919799
"60",0.00445547363614374,-0.000825215282501901
"61",0.00743574380595646,0.00445547363614374
"62",0.00164942688546965,0.00743574380595646
"63",-0.00056475056419103,0.00164942688546965
"64",-0.00786538867177278,-0.00056475056419103
"65",-0.0157703653289154,-0.00786538867177278
"66",0.0502660061661562,-0.0157703653289154
"67",0.00686862759758178,0.0502660061661562
"68",0.00579461530220904,0.00686862759758178
"69",0.0124522601257091,0.00579461530220904
"70",-0.00236504804637683,0.0124522601257091
"71",0.00722897769793462,-0.00236504804637683
"72",-0.00040251527814128,0.00722897769793462
"73",-5.23714959008714e-05,-0.00040251527814128
"74",0.00279861150900729,-5.23714959008714e-05
"75",0.00132794772927447,0.00279861150900729
"76",-0.00452245594682488,0.00132794772927447
"77",0.0171081839533773,-0.00452245594682488
"78",0.00529249078341998,0.0171081839533773
"79",-0.000780493728383291,0.00529249078341998
"80",-0.000309823452278479,-0.000780493728383291
"81",-0.0122038918010361,-0.000309823452278479
"82",-0.0171469221566571,-0.0122038918010361
"83",-0.00561397254971752,-0.0171469221566571
"84",0.00257285668455687,-0.00561397254971752
"85",-0.00132348536728344,0.00257285668455687
"86",0.00541142927313487,-0.00132348536728344
"87",0.00979800576862999,0.00541142927313487
"88",0.00802900758509217,0.00979800576862999
"89",0.00523649736043375,0.00802900758509217
"90",0.00499051012290863,0.00523649736043375
"91",-0.000492279908435478,0.00499051012290863
"92",0.0068197635755336,-0.000492279908435478
"93",-0.00379268445255931,0.0068197635755336
"94",0.0159034054944165,-0.00379268445255931
"95",0.0100188608258573,0.0159034054944165
"96",0.00245414838506441,0.0100188608258573
"97",0.0117677651676811,0.00245414838506441
"98",0.00489023222520935,0.0117677651676811
"99",-0.00133201226042345,0.00489023222520935
"100",0.00511298606745214,-0.00133201226042345
"101",0.00895013940243317,0.00511298606745214
"102",0.00243640730677264,0.00895013940243317
"103",-0.00508767554964251,0.00243640730677264
"104",0.00563420512255242,-0.00508767554964251
"105",-0.0132299050060709,0.00563420512255242
"106",0.00938689625372113,-0.0132299050060709
"107",-0.0107581133698691,0.00938689625372113
"108",-0.00477724000794488,-0.0107581133698691
"109",0.0129069913004116,-0.00477724000794488
"110",0.00655679857084834,0.0129069913004116
"111",-0.00901826781101178,0.00655679857084834
"112",0.00643650613487878,-0.00901826781101178
"113",-0.0430358325050868,0.00643650613487878
"114",0.036350893400634,-0.0430358325050868
"115",0.0167363719652176,0.036350893400634
"116",-0.00587301717023614,0.0167363719652176
"117",0.00233520540762022,-0.00587301717023614
"118",0.005920727954976,0.00233520540762022
"119",-0.000222833962153501,0.005920727954976
"120",0.00310240764778058,-0.000222833962153501
"121",0.0031525904086287,0.00310240764778058
"122",-0.00174265848787236,0.0031525904086287
"123",-0.00360243363664559,-0.00174265848787236
"124",0.0182712503251619,-0.00360243363664559
"125",0.000784731587645027,0.0182712503251619
"126",0.0075246141525227,0.000784731587645027
"127",-0.000419361468450674,0.0075246141525227
"128",-0.0114749243193781,-0.000419361468450674
"129",-0.0142787504432889,-0.0114749243193781
"130",-0.0191638338012918,-0.0142787504432889
"131",-0.0070970650725215,-0.0191638338012918
"132",-0.00327575787219025,-0.0070970650725215
"133",-0.00783983248299158,-0.00327575787219025
"134",0.00388627365626704,-0.00783983248299158
"135",0.0150326132417664,0.00388627365626704
"136",0.0278383604816739,0.0150326132417664
"137",-0.000239444105298858,0.0278383604816739
"138",0.0153279208724975,-0.000239444105298858
"139",-0.00620299585974848,0.0153279208724975
"140",0.0191569306801185,-0.00620299585974848
"141",0.0163625980329858,0.0191569306801185
"142",-0.00687464042206543,0.0163625980329858
"143",-0.00194487003392219,-0.00687464042206543
"144",0.0117515706297908,-0.00194487003392219
"145",0.0025233220862404,0.0117515706297908
"146",0.00987080976979726,0.0025233220862404
"147",0.0114239364756177,0.00987080976979726
"148",0.00295115012327685,0.0114239364756177
"149",-0.0419678000265833,0.00295115012327685
"150",-0.0195398042186667,-0.0419678000265833
"151",-0.00155111886577686,-0.0195398042186667
"152",-0.0082189933804635,-0.00155111886577686
"153",0.0144315306690892,-0.0082189933804635
"154",0.0527756172055334,0.0144315306690892
"155",0.0129027320471273,0.0527756172055334
"156",-0.0031101910840956,0.0129027320471273
"157",-0.00862922183651449,-0.0031101910840956
"158",-0.00295298341082173,-0.00862922183651449
"159",-0.00491708198057772,-0.00295298341082173
"160",-0.0100525729041987,-0.00491708198057772
"161",0.00821472681353974,-0.0100525729041987
"162",0.00152481337515376,0.00821472681353974
"163",-0.00431444305320206,0.00152481337515376
"164",0.000155179586093013,-0.00431444305320206
"165",-0.00114524387321424,0.000155179586093013
"166",0.00202612684848802,-0.00114524387321424
"167",-0.0126942950442981,0.00202612684848802
"168",-0.00185152990948545,-0.0126942950442981
"169",0.00208845248527645,-0.00185152990948545
"170",0.0255655629893958,0.00208845248527645
"171",0.00348979150891715,0.0255655629893958
"172",0.00903606330266271,0.00348979150891715
"173",0.0109972672371228,0.00903606330266271
"174",0.0125583697015799,0.0109972672371228
"175",0.000967463957447734,0.0125583697015799
"176",-0.00142594944266072,0.000967463957447734
"177",0.00277174107111655,-0.00142594944266072
"178",0.0135978162612087,0.00277174107111655
"179",-0.00100972085944484,0.0135978162612087
"180",0.000522400782291044,-0.00100972085944484
"181",-0.000633035345824595,0.000522400782291044
"182",0.00049676994690806,-0.000633035345824595
"183",-0.00727358537833034,0.00049676994690806
"184",-0.000711596299709072,-0.00727358537833034
"185",0.00851524206115961,-0.000711596299709072
"186",0.00405589308863696,0.00851524206115961
"187",0.00495610776885869,0.00405589308863696
"188",0.00255660530061341,0.00495610776885869
"189",0.00745563209376598,0.00255660530061341
"190",0.00800661529794056,0.00745563209376598
"191",0.000546866082547837,0.00800661529794056
"192",0.00582617183032141,0.000546866082547837
"193",0.00221982130603315,0.00582617183032141
"194",0.0168761705666096,0.00221982130603315
"195",-8.97784486770803e-05,0.0168761705666096
"196",0.000277389968907471,-8.97784486770803e-05
"197",-0.0019780161660119,0.000277389968907471
"198",0.000916758038250975,-0.0019780161660119
"199",0.00401894908572409,0.000916758038250975
"200",0.00631505552774492,0.00401894908572409
"201",0.00619559372059442,0.00631505552774492
"202",-0.00238478001974407,0.00619559372059442
"203",0.0178258884781535,-0.00238478001974407
"204",-0.00771477160856016,0.0178258884781535
"205",0.0012655990584598,-0.00771477160856016
"206",0.00195483301537891,0.0012655990584598
"207",0.00735500801084044,0.00195483301537891
"208",0.000229249589432712,0.00735500801084044
"209",0.00419087245823313,0.000229249589432712
"210",0.000328148069076661,0.00419087245823313
"211",0.00226560529518416,0.000328148069076661
"212",0.00633855641256886,0.00226560529518416
"213",0.00935810784242719,0.00633855641256886
"214",0.0067982323243001,0.00935810784242719
"215",0.00534547348143199,0.0067982323243001
"216",0.00187848778993605,0.00534547348143199
"217",0.0108550004485419,0.00187848778993605
"218",0.0109354239899382,0.0108550004485419
"219",0.00135184572699032,0.0109354239899382
"220",0.00554884329149097,0.00135184572699032
"221",0.0108858176616611,0.00554884329149097
"222",-0.00339357376915039,0.0108858176616611
"223",0.00157459857999953,-0.00339357376915039
"224",-0.00364488674272323,0.00157459857999953
"225",-0.0085008417061978,-0.00364488674272323
"226",0.0114396133193253,-0.0085008417061978
"227",0.00232471865193418,0.0114396133193253
"228",-0.00796135808742449,0.00232471865193418
"229",0.0105498027014566,-0.00796135808742449
"230",0.000117935183038043,0.0105498027014566
"231",0.0026422979809162,0.000117935183038043
"232",-0.00212717920544492,0.0026422979809162
"233",0.00701134108160772,-0.00212717920544492
"234",-0.00868876193729307,0.00701134108160772
"235",0.00970894055615013,-0.00868876193729307
"236",0.00960131104621809,0.00970894055615013
"237",-0.0200443083156028,0.00960131104621809
"238",0.0144311152975192,-0.0200443083156028
"239",-0.00741278023710024,0.0144311152975192
"240",0.0095710882570188,-0.00741278023710024
"241",-0.0023940773533635,0.0095710882570188
"242",0.00622250747478681,-0.0023940773533635
"243",0.00303597426111857,0.00622250747478681
"244",-0.00287899457503471,0.00303597426111857
"245",-0.00453126119916902,-0.00287899457503471
"246",0.00972897109807036,-0.00453126119916902
"247",0.000868142702154628,0.00972897109807036
"248",0.00825469738848561,0.000868142702154628
"249",0.0123995540398472,0.00825469738848561
"250",0.00146895502485656,0.0123995540398472
"251",0.00138334214100233,0.00146895502485656
"252",-0.00545579151509656,0.00138334214100233
"253",-0.000326412565479828,-0.00545579151509656
"254",0.0162349421663723,-0.000326412565479828
"255",-0.00957300342634326,0.0162349421663723
"256",0.00125751216176262,-0.00957300342634326
"257",-0.00678276723838245,0.00125751216176262
"258",0.00682714821793695,-0.00678276723838245
"259",-0.00793736192061978,0.00682714821793695
"260",0.00294646112999075,-0.00793736192061978
"261",0.0106862867672177,0.00294646112999075
"262",0.0120947749436358,0.0106862867672177
"263",-0.00719762026374937,0.0120947749436358
"264",0.00953595535921359,-0.00719762026374937
"265",-0.000858955525480098,0.00953595535921359
"266",-0.00219917125798652,-0.000858955525480098
"267",-0.00797163391801803,-0.00219917125798652
"268",0.00820349917746555,-0.00797163391801803
"269",0.0010965015252058,0.00820349917746555
"270",5.60223589829434e-05,0.0010965015252058
"271",-0.000723035311304798,5.60223589829434e-05
"272",0.00881811038804869,-0.000723035311304798
"273",-0.00152733113501569,0.00881811038804869
"274",-0.0146334892926507,-0.00152733113501569
"275",-0.022650013406956,-0.0146334892926507
"276",0.0108660110465504,-0.022650013406956
"277",0.00215623567176237,0.0108660110465504
"278",0.00661897661035304,0.00215623567176237
"279",0.0163943104412283,0.00661897661035304
"280",-0.000536939183648499,0.0163943104412283
"281",-0.00049825391559466,-0.000536939183648499
"282",0.0140355378301287,-0.00049825391559466
"283",-0.00432763951821791,0.0140355378301287
"284",0.000121725009767815,-0.00432763951821791
"285",0.00520000173652591,0.000121725009767815
"286",0.0154952064517389,0.00520000173652591
"287",-0.00187543897582998,0.0154952064517389
"288",0.0133054024300829,-0.00187543897582998
"289",-0.00244714840152582,0.0133054024300829
"290",0.00498435542234255,-0.00244714840152582
"291",0.00285691244078556,0.00498435542234255
"292",-0.0016809528009194,0.00285691244078556
"293",-0.00115094073738931,-0.0016809528009194
"294",-0.0144115497822952,-0.00115094073738931
"295",0.0352567569505311,-0.0144115497822952
"296",0.000152606938627287,0.0352567569505311
"297",-0.00513036452821147,0.000152606938627287
"298",0.00481014932607948,-0.00513036452821147
"299",0.0218989140260124,0.00481014932607948
"300",-0.000596351286795027,0.0218989140260124
"301",0.00224702975311075,-0.000596351286795027
"302",0.00429963503249731,0.00224702975311075
"303",-0.000829589243410922,0.00429963503249731
"304",-0.00628291014327864,-0.000829589243410922
"305",0.00640101420582084,-0.00628291014327864
"306",0.00427701718866125,0.00640101420582084
"307",0.00634254677317614,0.00427701718866125
"308",0.00924100971006148,0.00634254677317614
"309",0.00650648818394473,0.00924100971006148
"310",0.00358426009127299,0.00650648818394473
"311",-0.00135799390894498,0.00358426009127299
"312",-0.00128024225117684,-0.00135799390894498
"313",-0.00267106658870553,-0.00128024225117684
"314",-0.00130579154813582,-0.00267106658870553
"315",0.00619823730197133,-0.00130579154813582
"316",0.00887610380916115,0.00619823730197133
"317",0.000715318650238217,0.00887610380916115
"318",0.00289285132579309,0.000715318650238217
"319",0.00668695186013935,0.00289285132579309
"320",-0.00180184305406073,0.00668695186013935
"321",8.168775633699e-05,-0.00180184305406073
"322",-0.0227029598028601,8.168775633699e-05
"323",-0.0112228261330731,-0.0227029598028601
"324",0.000677637665258857,-0.0112228261330731
"325",0.00163452762135385,0.000677637665258857
"326",0.0253802889891315,0.00163452762135385
"327",-0.0121754907722433,0.0253802889891315
"328",0.00755582838309365,-0.0121754907722433
"329",-0.00732649317323109,0.00755582838309365
"330",0.00512202651179194,-0.00732649317323109
"331",0.010311145645959,0.00512202651179194
"332",-0.00286238914618231,0.010311145645959
"333",0.00176721943076608,-0.00286238914618231
"334",-0.0244270513233094,0.00176721943076608
"335",-0.00453514988717529,-0.0244270513233094
"336",0.00403877060459124,-0.00453514988717529
"337",-0.00466965674914555,0.00403877060459124
"338",0.00556794240608127,-0.00466965674914555
"339",-0.0010501663668947,0.00556794240608127
"340",0.00620714251438059,-0.0010501663668947
"341",0.00417759037107146,0.00620714251438059
"342",0.00503489120669975,0.00417759037107146
"343",0.00124204547048201,0.00503489120669975
"344",0.00557563848869336,0.00124204547048201
"345",0.00391603104875848,0.00557563848869336
"346",-0.00341095031089544,0.00391603104875848
"347",0.0038454015546403,-0.00341095031089544
"348",0.0200265388928802,0.0038454015546403
"349",-0.0101473645537222,0.0200265388928802
"350",0.0184487475174855,-0.0101473645537222
"351",-0.00919329786472112,0.0184487475174855
"352",-0.00461857636594054,-0.00919329786472112
"353",0.00968018571982654,-0.00461857636594054
"354",0.0125659585484836,0.00968018571982654
"355",-0.0062989685337822,0.0125659585484836
"356",0.00352999452546676,-0.0062989685337822
"357",0.00856277233993019,0.00352999452546676
"358",0.0141252114001134,0.00856277233993019
"359",0.0135246294301243,0.0141252114001134
"360",-0.0166231764600937,0.0135246294301243
"361",0.000893121284578413,-0.0166231764600937
"362",0.0121287617270038,0.000893121284578413
"363",0.000629620740657089,0.0121287617270038
"364",0.00238074285511125,0.000629620740657089
"365",0.000396468201708799,0.00238074285511125
"366",0.00718204283459656,0.000396468201708799
"367",-0.000851938753067216,0.00718204283459656
"368",-0.00462716152966358,-0.000851938753067216
"369",-0.00459336183273074,-0.00462716152966358
"370",0.00371874471378852,-0.00459336183273074
"371",0.00756566838714079,0.00371874471378852
"372",-0.0154910404807289,0.00756566838714079
"373",-0.00673399065936842,-0.0154910404807289
"374",0.0190468799259325,-0.00673399065936842
"375",0.00644310970204032,0.0190468799259325
"376",0.00286264275704973,0.00644310970204032
"377",0.0054737660265296,0.00286264275704973
"378",0.00644861099763894,0.0054737660265296
"379",-0.000920705628354668,0.00644861099763894
"380",0.00325981495524275,-0.000920705628354668
"381",0.000735926473231174,0.00325981495524275
"382",0.00114936125829068,0.000735926473231174
"383",-0.00104161899519539,0.00114936125829068
"384",0.00187958308990588,-0.00104161899519539
"385",-0.000299644798920085,0.00187958308990588
"386",0.0197956809206694,-0.000299644798920085
"387",-0.0113552003830684,0.0197956809206694
"388",0.00428262534981627,-0.0113552003830684
"389",-0.00843915834911435,0.00428262534981627
"390",-0.00305117007766675,-0.00843915834911435
"391",-0.00260064876968791,-0.00305117007766675
"392",0.00650509819820044,-0.00260064876968791
"393",0.000671990079077034,0.00650509819820044
"394",-0.00833118662911758,0.000671990079077034
"395",0.00580819199100269,-0.00833118662911758
"396",0.00625260495602475,0.00580819199100269
"397",0.00627966458946183,0.00625260495602475
"398",-0.00304197148157037,0.00627966458946183
"399",-0.0064736858186798,-0.00304197148157037
"400",-0.00120999724478388,-0.0064736858186798
"401",0.0037228433309604,-0.00120999724478388
"402",0.00147775851955068,0.0037228433309604
"403",0.00231933032034881,0.00147775851955068
"404",0.00844978797857721,0.00231933032034881
"405",0.0127560713303581,0.00844978797857721
"406",-0.0124387580370477,0.0127560713303581
"407",-0.00582556385437805,-0.0124387580370477
"408",0.0130349214561818,-0.00582556385437805
"409",0.000120835572847255,0.0130349214561818
"410",-0.00117799501371962,0.000120835572847255
"411",0.0079869935608432,-0.00117799501371962
"412",0.00375750657925522,0.0079869935608432
"413",0.00873212009191171,0.00375750657925522
"414",-0.00499572961651396,0.00873212009191171
"415",-0.00854636356658389,-0.00499572961651396
"416",-0.00197100709904952,-0.00854636356658389
"417",-0.00737695178064079,-0.00197100709904952
"418",-0.00178550168479141,-0.00737695178064079
"419",0.0282880075538188,-0.00178550168479141
"420",-0.0178618617801867,0.0282880075538188
"421",0.0145726555348737,-0.0178618617801867
"422",0.00682897070301536,0.0145726555348737
"423",0.00378126705738246,0.00682897070301536
"424",0.00573176939614939,0.00378126705738246
"425",0.00299761597435122,0.00573176939614939
"426",0.00169148053691437,0.00299761597435122
"427",-0.00422114038704535,0.00169148053691437
"428",-0.000331791402610193,-0.00422114038704535
"429",-0.00196023146968649,-0.000331791402610193
"430",0.00108062335495873,-0.00196023146968649
"431",0.017112789884715,0.00108062335495873
"432",0.00850789993875445,0.017112789884715
"433",0.00923206208251415,0.00850789993875445
"434",0.00277864450836418,0.00923206208251415
"435",0.00376085414461791,0.00277864450836418
"436",0.000799059433594707,0.00376085414461791
"437",0.00756532032836077,0.000799059433594707
"438",0.00619422209415355,0.00756532032836077
"439",0.0095590881944112,0.00619422209415355
"440",-0.000237464484792227,0.0095590881944112
"441",-0.00239650935856872,-0.000237464484792227
"442",0.000638437731399932,-0.00239650935856872
"443",0.0216276681326537,0.000638437731399932
"444",-0.00961951956155893,0.0216276681326537
"445",0.0125267176992097,-0.00961951956155893
"446",-0.000692366080528473,0.0125267176992097
"447",0.00666731257329189,-0.000692366080528473
"448",0.00575713103601672,0.00666731257329189
"449",0.00157623762107839,0.00575713103601672
"450",0.0069260821757311,0.00157623762107839
"451",-0.00544718908738417,0.0069260821757311
"452",-0.00247162983637317,-0.00544718908738417
"453",0.00427786562417509,-0.00247162983637317
"454",-0.00605033542670164,0.00427786562417509
"455",0.0064453802822797,-0.00605033542670164
"456",0.0214768401554402,0.0064453802822797
"457",-0.0042619588725259,0.0214768401554402
"458",0.0120936634138946,-0.0042619588725259
"459",0.00257589121055801,0.0120936634138946
"460",-0.00204642976182434,0.00257589121055801
"461",0.00355424643068503,-0.00204642976182434
"462",0.00647580490648103,0.00355424643068503
"463",0.00489392162064561,0.00647580490648103
"464",-0.0115985468862103,0.00489392162064561
"465",0.0174806501642699,-0.0115985468862103
"466",-0.0110860581967867,0.0174806501642699
"467",0.0159690884924277,-0.0110860581967867
"468",0.00186785290307867,0.0159690884924277
"469",-0.00707919093679621,0.00186785290307867
"470",0.0170870166407333,-0.00707919093679621
"471",-0.00243682966905645,0.0170870166407333
"472",0.000129411555407799,-0.00243682966905645
"473",0.00809122749849855,0.000129411555407799
"474",1.73734033168671e-05,0.00809122749849855
"475",0.0069520936084615,1.73734033168671e-05
"476",0.00882202763171236,0.0069520936084615
"477",0.00203222983877893,0.00882202763171236
"478",0.00564475906609552,0.00203222983877893
"479",-0.00550298726145115,0.00564475906609552
"480",0.00863725210954591,-0.00550298726145115
"481",0.00561776288928506,0.00863725210954591
"482",0.0110516694734368,0.00561776288928506
"483",-0.00493385237608024,0.0110516694734368
"484",0.0146824650116297,-0.00493385237608024
"485",-0.000332048467033275,0.0146824650116297
"486",-0.00164541963525267,-0.000332048467033275
"487",-4.40643806065566e-05,-0.00164541963525267
"488",0.0152260105514532,-4.40643806065566e-05
"489",-0.00224068330848404,0.0152260105514532
"490",0.00693591476819755,-0.00224068330848404
"491",0.0047968404399068,0.00693591476819755
"492",0.000275343127947636,0.0047968404399068
"493",0.000145139021482166,0.000275343127947636
"494",0.0146800726661915,0.000145139021482166
"495",-0.00201340380100135,0.0146800726661915
"496",-0.000983049103572498,-0.00201340380100135
"497",0.00349892510623739,-0.000983049103572498
"498",0.00780539817237091,0.00349892510623739
"499",0.00365007519937599,0.00780539817237091
"500",-0.00687599243499548,0.00365007519937599
"501",0.0115368858146514,-0.00687599243499548
"502",0.00476756598940575,0.0115368858146514
"503",0.00601127122103584,0.00476756598940575
"504",-0.0142457595556298,0.00601127122103584
"505",0.00557574540539463,-0.0142457595556298
"506",0.00160864288098317,0.00557574540539463
"507",0.00497818906184122,0.00160864288098317
"508",0.00709920694782262,0.00497818906184122
"509",-0.00824717311967582,0.00709920694782262
"510",0.00485300638974095,-0.00824717311967582
"511",0.00337836890789589,0.00485300638974095
"512",-0.0114634030360961,0.00337836890789589
"513",0.000998155544081669,-0.0114634030360961
"514",0.0160617436875246,0.000998155544081669
"515",-0.0093490518415269,0.0160617436875246
"516",0.0033126874759013,-0.0093490518415269
"517",0.00414705841315133,0.0033126874759013
"518",-0.00498975858499229,0.00414705841315133
"519",0.00672938706841819,-0.00498975858499229
"520",0.00216086758522138,0.00672938706841819
"521",0.000463093670337145,0.00216086758522138
"522",0.0126387527212284,0.000463093670337145
"523",0.00144552044300639,0.0126387527212284
"524",-0.00164613051773621,0.00144552044300639
"525",-0.00605554709214218,-0.00164613051773621
"526",-0.0120590724888139,-0.00605554709214218
"527",0.00421260943430291,-0.0120590724888139
"528",0.0021197678597531,0.00421260943430291
"529",-0.000918371896524661,0.0021197678597531
"530",0.00348016467665246,-0.000918371896524661
"531",0.00453579801719428,0.00348016467665246
"532",0.00931987219477826,0.00453579801719428
"533",0.00588694449702842,0.00931987219477826
"534",1.89885578905091e-06,0.00588694449702842
"535",0.0150446521124898,1.89885578905091e-06
"536",0.000706728284267655,0.0150446521124898
"537",0.00488959697895019,0.000706728284267655
"538",-0.00494376827050047,0.00488959697895019
"539",0.00882614954044314,-0.00494376827050047
"540",0.010661200990139,0.00882614954044314
"541",0.00878575255512359,0.010661200990139
"542",0.00216216412233017,0.00878575255512359
"543",0.00881364061898893,0.00216216412233017
"544",-0.000754103202059042,0.00881364061898893
"545",0.00753835419904725,-0.000754103202059042
"546",-0.00040103591812013,0.00753835419904725
"547",0.00825861921595994,-0.00040103591812013
"548",0.00964970190236336,0.00825861921595994
"549",0.00403926235462393,0.00964970190236336
"550",0.00297688677303753,0.00403926235462393
"551",-0.000239931836615526,0.00297688677303753
"552",0.00112092170028788,-0.000239931836615526
"553",0.0145041419115461,0.00112092170028788
"554",-0.0033136148595645,0.0145041419115461
"555",0.00650692420151344,-0.0033136148595645
"556",0.00149335548239016,0.00650692420151344
"557",-0.00336249119397003,0.00149335548239016
"558",-0.00820197300557624,-0.00336249119397003
"559",0.0118684911778377,-0.00820197300557624
"560",0.0118383001553628,0.0118684911778377
"561",-0.000186372201037344,0.0118383001553628
"562",0.0111187817128382,-0.000186372201037344
"563",-0.00168280465294401,0.0111187817128382
"564",0.0073730246854975,-0.00168280465294401
"565",-0.0100076938579434,0.0073730246854975
"566",0.0164321107282124,-0.0100076938579434
"567",0.000585529011946306,0.0164321107282124
"568",0.00252284164096039,0.000585529011946306
"569",0.0112970205136946,0.00252284164096039
"570",0.000360963027249639,0.0112970205136946
"571",0.00699337897016505,0.000360963027249639
"572",-0.000277860246178818,0.00699337897016505
"573",0.00456318030513359,-0.000277860246178818
"574",0.0154737221603689,0.00456318030513359
"575",0.00574463519847512,0.0154737221603689
"576",0.00241337646180284,0.00574463519847512
"577",0.00566325520614619,0.00241337646180284
"578",0.00229713753503447,0.00566325520614619
"579",0.00924288743775037,0.00229713753503447
"580",0.00619606526478655,0.00924288743775037
"581",-0.00566303533284618,0.00619606526478655
"582",0.0164861692497098,-0.00566303533284618
"583",0.0150355711152308,0.0164861692497098
"584",-0.00465486521792258,0.0150355711152308
"585",0.00604064404157612,-0.00465486521792258
"586",0.0130402930651599,0.00604064404157612
"587",0.0243513151725647,0.0130402930651599
"588",-0.015748065949257,0.0243513151725647
"589",-0.00188137608434502,-0.015748065949257
"590",0.011687922875101,-0.00188137608434502
"591",0.00817326327134715,0.011687922875101
"592",0.00661479565861711,0.00817326327134715
"593",0.00448672349299173,0.00661479565861711
"594",0.00547216467458256,0.00448672349299173
"595",0.00178661623846921,0.00547216467458256
"596",0.00416870782945367,0.00178661623846921
"597",0.0109381887075788,0.00416870782945367
"598",0.00266969075529389,0.0109381887075788
"599",0.00724725244190161,0.00266969075529389
"600",0.00739539499604014,0.00724725244190161
"601",0.000147955486736961,0.00739539499604014
"602",0.00119383941742335,0.000147955486736961
"603",0.0102191769725888,0.00119383941742335
"604",0.0150489481671503,0.0102191769725888
"605",-0.000322472289767006,0.0150489481671503
"606",0.0143328654267325,-0.000322472289767006
"607",0.00565554285211256,0.0143328654267325
"608",0.00319921589162675,0.00565554285211256
"609",0.00613326628754152,0.00319921589162675
"610",0.00367145929265966,0.00613326628754152
"611",0.00277196080663344,0.00367145929265966
"612",0.00936062287950357,0.00277196080663344
"613",0.00721312542343711,0.00936062287950357
"614",0.0137604631067241,0.00721312542343711
"615",0.00113531162328062,0.0137604631067241
"616",-0.00992896649966735,0.00113531162328062
"617",0.0127405629861004,-0.00992896649966735
"618",0.0335353356702077,0.0127405629861004
"619",0.00435013940252826,0.0335353356702077
"620",0.0051939285806748,0.00435013940252826
"621",-0.00104355853207405,0.0051939285806748
"622",0.00726321040390232,-0.00104355853207405
"623",0.0117406927005019,0.00726321040390232
"624",0.00625277702899307,0.0117406927005019
"625",0.00960274707409159,0.00625277702899307
"626",0.0054190405989436,0.00960274707409159
"627",0.00793771435490331,0.0054190405989436
"628",0.00487488327412233,0.00793771435490331
"629",0.0080019800858615,0.00487488327412233
"630",0.0103986823427595,0.0080019800858615
"631",-0.000742616085831926,0.0103986823427595
"632",0.013426756315595,-0.000742616085831926
"633",0.0068602879002766,0.013426756315595
"634",0.00834114426726362,0.0068602879002766
"635",0.0103424425270671,0.00834114426726362
"636",0.00741120589969047,0.0103424425270671
"637",0.0132619765135402,0.00741120589969047
"638",-0.00163625898380459,0.0132619765135402
"639",0.0295219373873268,-0.00163625898380459
"640",0.00187912727132034,0.0295219373873268
"641",-0.00778671059932279,0.00187912727132034
"642",0.029655098921423,-0.00778671059932279
"643",0.0134139137524771,0.029655098921423
"644",-0.00676851449455995,0.0134139137524771
"645",6.73483132729302e-05,-0.00676851449455995
"646",0.0179668188184037,6.73483132729302e-05
"647",-0.0163778007560982,0.0179668188184037
"648",0.000128202805236732,-0.0163778007560982
"649",0.0101368255778285,0.000128202805236732
"650",0.000415274548426048,0.0101368255778285
